ts_utc,crypto,source,title,link,sentiment_compound
2026-01-02T16:09:24Z,BTC,https://www.coindesk.com/arc/outboundfeeds/rss/,Bitcoin miner Bitfarms exiting Latin America with $30M sale of Paraguay site,https://www.coindesk.com/business/2026/01/02/bitcoin-miner-bitfarms-to-exit-latin-america-with-usd30m-sale-of-paraguay-site,0.0
2026-01-02T16:09:24Z,BTC,https://www.coindesk.com/arc/outboundfeeds/rss/,Bitcoin ETFs lose record $4.57 billion in two months,https://www.coindesk.com/markets/2026/01/02/bitcoin-etfs-lose-record-usd4-57-billion-in-two-months,-0.4019
2026-01-02T16:09:24Z,BTC,https://www.coindesk.com/arc/outboundfeeds/rss/,Bitcoin's squeeze sets stage for major price swing,https://www.coindesk.com/markets/2026/01/02/bitcoin-s-squeeze-sets-stage-for-major-price-swing,0.0
2026-01-02T16:09:24Z,BTC,https://www.coindesk.com/arc/outboundfeeds/rss/,"Cardano's ADA pops 7%, bitcoin, ether show steady gains as traders enter 2026",https://www.coindesk.com/markets/2026/01/02/cardano-s-ada-pops-7-bitcoin-ether-show-steady-gains-as-traders-enter-2026,0.34
2026-01-02T16:09:24Z,ETH,https://www.coindesk.com/arc/outboundfeeds/rss/,"Cardano's ADA pops 7%, bitcoin, ether show steady gains as traders enter 2026",https://www.coindesk.com/markets/2026/01/02/cardano-s-ada-pops-7-bitcoin-ether-show-steady-gains-as-traders-enter-2026,0.34
2026-01-02T16:09:24Z,BTC,https://www.coindesk.com/arc/outboundfeeds/rss/,"Tether adds nearly $800 million in bitcoin, bringing holdings above 96,000 BTC",https://www.coindesk.com/markets/2026/01/02/tether-adds-nearly-usd800-million-in-bitcoin-bringing-holdings-above-96-000-btc,0.0
2026-01-02T16:09:24Z,ETH,https://www.coindesk.com/arc/outboundfeeds/rss/,"Tether adds nearly $800 million in bitcoin, bringing holdings above 96,000 BTC",https://www.coindesk.com/markets/2026/01/02/tether-adds-nearly-usd800-million-in-bitcoin-bringing-holdings-above-96-000-btc,0.0
2026-01-02T16:09:24Z,ETH,https://www.coindesk.com/arc/outboundfeeds/rss/,Vitalik Buterin on the two goals Ethereum must meet to become the ‘world computer’,https://www.coindesk.com/tech/2026/01/01/vitalik-buterin-on-the-two-goals-ethereum-must-meet-to-become-the-world-computer,0.0
2026-01-02T16:09:24Z,BTC,https://www.coindesk.com/arc/outboundfeeds/rss/,Strategy shares register first six-month losing streak since adoption of bitcoin strategy in 2020,https://www.coindesk.com/markets/2026/01/01/strategy-shares-register-first-six-month-losing-streak-since-adoption-of-bitcoin-strategy-in-2020,-0.1027
2026-01-02T16:09:24Z,BTC,https://www.coindesk.com/arc/outboundfeeds/rss/,Bitcoin got stuck after slumping 30% from its peak. Here's why.,https://www.coindesk.com/markets/2025/12/29/why-bitcoin-missed-most-forecasts-in-2025,-0.25
2026-01-02T16:09:24Z,BTC,https://cointelegraph.com/rss,"Price predictions 1/2: BTC, ETH, BNB, XRP, SOL, DOGE, ADA, BCH, LINK, ZEC",https://cointelegraph.com/news/price-predictions-1-2-btc-eth-bnb-xrp-sol-doge-ada-bch-link-zec?utm_source=rss_feed&utm_medium=rss&utm_campaign=rss_partner_inbound,0.6124
2026-01-02T16:09:24Z,ETH,https://cointelegraph.com/rss,"Price predictions 1/2: BTC, ETH, BNB, XRP, SOL, DOGE, ADA, BCH, LINK, ZEC",https://cointelegraph.com/news/price-predictions-1-2-btc-eth-bnb-xrp-sol-doge-ada-bch-link-zec?utm_source=rss_feed&utm_medium=rss&utm_campaign=rss_partner_inbound,0.6124
2026-01-02T16:09:24Z,BNB,https://cointelegraph.com/rss,"Price predictions 1/2: BTC, ETH, BNB, XRP, SOL, DOGE, ADA, BCH, LINK, ZEC",https://cointelegraph.com/news/price-predictions-1-2-btc-eth-bnb-xrp-sol-doge-ada-bch-link-zec?utm_source=rss_feed&utm_medium=rss&utm_campaign=rss_partner_inbound,0.6124
2026-01-02T16:09:24Z,BTC,https://cointelegraph.com/rss,"What crypto exchanges are watching in 2026, according to OKX’s Rafique",https://cointelegraph.com/news/crypto-exchanges-okx-rwa-stablecoin-2026?utm_source=rss_feed&utm_medium=rss&utm_campaign=rss_partner_inbound,-0.2263
2026-01-02T16:09:24Z,BTC,https://cointelegraph.com/rss,Here’s what happened in crypto today,https://cointelegraph.com/news/what-happened-in-crypto-today?utm_source=rss_feed&utm_medium=rss&utm_campaign=rss_partner_inbound,0.0
2026-01-02T16:09:24Z,BNB,https://cointelegraph.com/rss,The 5 busiest blockchains of 2025 and what powered their growth,https://cointelegraph.com/news/these-5-blockchains-led-2025?utm_source=rss_feed&utm_medium=rss&utm_campaign=rss_partner_inbound,0.6369
2026-01-02T16:09:24Z,BTC,https://cointelegraph.com/rss,Bitcoin bulls charge at $90K as traders eye CME gap for BTC price dip,https://cointelegraph.com/news/bitcoin-bulls-charge-90k-traders-cme-gap-for-btc-price-dip?utm_source=rss_feed&utm_medium=rss&utm_campaign=rss_partner_inbound,0.0
2026-01-02T16:09:24Z,BTC,https://cointelegraph.com/rss,Bitcoin ETF momentum builds in South Korea as regulation lags behind,https://cointelegraph.com/news/krx-signals-readiness-crypto-etfs-regulatory-review?utm_source=rss_feed&utm_medium=rss&utm_campaign=rss_partner_inbound,-0.6124
2026-01-02T16:09:24Z,ETH,https://cointelegraph.com/rss,DeFi pioneer coughs up $50K after making bad bet on Ether,https://cointelegraph.com/news/infinex-founder-kain-warwick-loses-50k-bet-as-eth-misses-25k-in-2025?utm_source=rss_feed&utm_medium=rss&utm_campaign=rss_partner_inbound,-0.8481
2026-01-02T16:09:24Z,BTC,https://cointelegraph.com/rss,"Crypto sentiment shifts off extreme fear, but ‘mixed emotions’ persist",https://cointelegraph.com/news/crypto-sentiment-index-fear-market-emotions-bitcoin-price?utm_source=rss_feed&utm_medium=rss&utm_campaign=rss_partner_inbound,-0.7897
2026-01-02T16:09:24Z,BTC,https://cointelegraph.com/rss,Metric suggests Bitcoin has been in a bear market for 2 months,https://cointelegraph.com/news/crypto-bear-market-began-november-cryptoquant?utm_source=rss_feed&utm_medium=rss&utm_campaign=rss_partner_inbound,0.0
2026-01-02T16:09:24Z,BTC,https://cointelegraph.com/rss,Polymarket traders see just 21% chance of Bitcoin hitting $150K this year,https://cointelegraph.com/news/polymarket-traders-21-chance-bitcoin-hitting-150k-2026?utm_source=rss_feed&utm_medium=rss&utm_campaign=rss_partner_inbound,0.7579
2026-01-02T16:09:24Z,BTC,https://cointelegraph.com/rss,Bitcoin options boom raises fears of capped BTC upside,https://cointelegraph.com/news/bitcoin-options-under-fire-as-covered-calls-take-center-stage?utm_source=rss_feed&utm_medium=rss&utm_campaign=rss_partner_inbound,-0.6808
2026-01-02T16:09:24Z,ETH,https://cointelegraph.com/rss,Ethereum co-founder pitches DApps as solution to 2025 Cloudflare outage,https://cointelegraph.com/news/vitalik-buterin-ethereum-dapps-solution-cloudflare?utm_source=rss_feed&utm_medium=rss&utm_campaign=rss_partner_inbound,0.6486
2026-01-02T16:09:24Z,BTC,https://cointelegraph.com/rss,Bitcoin RSI demands breakout as exec says 'RIP' to 4-year BTC price cycle,https://cointelegraph.com/news/bitcoin-rsi-demands-breakout-exec-says-rip-4-year-btc-price-cycle?utm_source=rss_feed&utm_medium=rss&utm_campaign=rss_partner_inbound,-0.34
2026-01-02T16:09:24Z,BTC,https://cointelegraph.com/rss,"Crypto’s 2026 investment playbook: Bitcoin, stablecoin infrastructure, tokenized assets",https://cointelegraph.com/news/crypto-investment-themes-2026-bitcoin-stablecoins-tokenized-assets?utm_source=rss_feed&utm_medium=rss&utm_campaign=rss_partner_inbound,0.34
2026-01-02T16:09:24Z,ETH,https://cointelegraph.com/rss,"Crypto’s 2026 investment playbook: Bitcoin, stablecoin infrastructure, tokenized assets",https://cointelegraph.com/news/crypto-investment-themes-2026-bitcoin-stablecoins-tokenized-assets?utm_source=rss_feed&utm_medium=rss&utm_campaign=rss_partner_inbound,0.34
2026-01-02T16:09:24Z,BTC,https://news.google.com/rss/search?q=bitcoin+OR+ethereum+OR+BNB+crypto&hl=en-GB&gl=GB&ceid=GB:en,Will bitcoin price sink to $50k or soar to $125k in 2026? - Yahoo Finance UK,https://news.google.com/rss/articles/CBMiowFBVV95cUxNcFY4UU1RcWRHZXFyaHctTXk5S19jVWxvTURuVWxVTjNOVFJxZXlhdG03WHFqeXh6WnQ5TEo3bDZaejNWb3dWRUU1c2FubnVwME4xaDVxMzcxV3RwNllpS1hUR0pQVE5sdDJ0bDhaSjRKX0JvNHdXNHc1QlQtU1lRTWhkdjhkVi1MS0oxRkY3bVE1M0VJckFYZFNsZ2JRQWpSNVhv?oc=5,0.0
2026-01-02T16:09:24Z,BTC,https://news.google.com/rss/search?q=bitcoin+OR+ethereum+OR+BNB+crypto&hl=en-GB&gl=GB&ceid=GB:en,Congressman Warren Davidson Expresses Concerns About US Crypto Regulations Undermining Bitcoin's Core Value Proposition - Crowdfund Insider,https://news.google.com/rss/articles/CBMi-wFBVV95cUxQaVBDaW8zb3FTOHNZQ0Uzc1lRVVRndlBXMjdMcUNCcjdURy1UZi1FUjRxTE9PMnVWQmNkbi0zaHhMdUROWkx6N0J0RHk4aUxVcFU0X3ZEX3lmd2NrVnNLbnZiSG50eHNiUmJZTGNtRUtCQlFmUlBXVzhXRV80cXpjd19QOGpmNU1aeU81dms2TzdBN1lSdzRvU3FhR3Z3aEtvczJ3dGduUEJ3S3RvYnE0aVNHVllZa0lmSWFHNU9MUVFtdS1EaDdHVGJZWkl2dzNxYXhXM0JKTzY5NGd5VHpJNDVnWGlHaUtpNi1pa0JfeDd2dVl2bERNc053aw?oc=5,-0.0516
2026-01-02T16:09:24Z,BTC,https://news.google.com/rss/search?q=bitcoin+OR+ethereum+OR+BNB+crypto&hl=en-GB&gl=GB&ceid=GB:en,Saylor’s Strategy Faces ‘Sizable’ Fourth-Quarter Loss From Bitcoin Tumble - Bloomberg.com,https://news.google.com/rss/articles/CBMivwFBVV95cUxPREJXbFVvLWcwa1JFUTNPejRka3ZtVWVOVlhFeExEMEUzalJ5S0lJblp5UXFyMVlaWFNFYUhSM1YxSmlkc3dQZnJfNC1aNWx2UkhBcEYwbHBpTnBCbHlLWThMNFdsVEpkb01tTjN5N2c4ZnBGdDgzNVNPWU93UFRSX09ESmJhMzNYRE5RMnR3WkRnNGlFSEwxRmZRaXRhNGRWbzVoY2JHS1UxcC1fX1FNU0laSnNFYjMwVUJIUUdqaw?oc=5,-0.5574
2026-01-02T16:09:24Z,BTC,https://news.google.com/rss/search?q=bitcoin+OR+ethereum+OR+BNB+crypto&hl=en-GB&gl=GB&ceid=GB:en,Crypto market rally today: here’s why Bitcoin and altcoins are going up - TradingView — Track All Markets,https://news.google.com/rss/articles/CBMixgFBVV95cUxPaG5iYzRtdEs5TEFVOTNkOVdkd2pDU1VYcHlteU5UbVdwRnZmNWJISlZZS29ESGY3dE1WaldQV0tLbExtSk50MkhrTnJhYnpCbThSdkVHenotMnduaXdfNU1GNEQwNURLTE56a09pQnV3Zk9YUWg5WExqZWtUY0pZUE5HcG9ycnVZMEk2X0VyYzRvLVdSU1ZINnNYd2xnMjNmREsyZ2hDU1N4N042TTNKaGppYnRQRV9aTUFfeldway1kVjFWLWc?oc=5,0.0
2026-01-02T16:09:24Z,ETH,https://news.google.com/rss/search?q=bitcoin+OR+ethereum+OR+BNB+crypto&hl=en-GB&gl=GB&ceid=GB:en,Ethereum Price Consolidation Continues – ETH Holds Key Levels - Altcoin Buzz,https://news.google.com/rss/articles/CBMiuAFBVV95cUxNTUlsamQzMHZpczllV2daZmNrbklfOE5DMllhUlVRbmhQU0xWZlRxdEl2RE0yQ1pkUmVGOTVWUktYTGZMd3hUanNUTVlKcWNZRjF2VUZhZlVnbnpodjMtRW1RdDdTOVZfNG1NbThHdmdMcmFqcVdGTUpaWGJJdjgyNko5aDlkbmlZQjVxRWczUUR3MndDbjBmVksxZEhnUHA1ajFEWE5kRzBYTmlzNVBPbTNDUVVBaDB0?oc=5,0.0
2026-01-02T16:09:24Z,BTC,https://news.google.com/rss/search?q=bitcoin+OR+ethereum+OR+BNB+crypto&hl=en-GB&gl=GB&ceid=GB:en,"Top 3 Price Prediction: Bitcoin, Ethereum, Ripple – BTC, ETH and XRP enter the New Year with breakout hopes - FXStreet",https://news.google.com/rss/articles/CBMi8wFBVV95cUxOWE9GbFEtYkJzZko4TmZLc3Q0d3dKQWdSMVgtcGdZUVQ1Snl3ekIxWEVqQmVGUVhrVVlySUowYXlja3B3TzdFZHhVdzlzb1JvRU9HR1Q3R1BJdmFaZ0VaUU04RXRXYUNKUGVBV2dSOE5IQ1lYM01lTTFfQ2otV2ktdUxxcUtJVEg1SHFxb2lRVHJfbE1NeWRCZVhTTzNWRWJwbGlXSHdHUGxMb25uaUdJeWdveUE1X0ZkczJnLUViY203cE5rbVgxM3pKSGs1WHk1V3BLQjZ1cjNiSU1TY2x1Ny1QSDVCbG1JQ0tUbTdfcG9LTzjSAfgBQVVfeXFMT2xFdlFSb0F2NVhfei1SamNPYVV6RURLeEMyeWw3VVdaTlRQN2oyUlEwVjVnbkVOTGlPWUlRWUx2eFVmZ0lwV2JQcmNUb3pNZ2JNMlRRWVhfYXVad0xBNmZoWmx4dUsxcFBvbFR5WHFjcGhJbTR4RGxQaXBRaTVoVFZUQnhoN2xEX0FaWkZlQlVybmw2Z3NUN3c0Q0JYRUJNYTY2VlNSZTJCdXNBUWtNSXMwUFlneWJaejlPY2lJcmJzNW9nRkt1UmhvYnNkaHRUN2dhSHJiZWp4ZHdBbXNsRjNick5aQzNweVE3S1RZeW0taVpzU2RENXE?oc=5,0.5574
2026-01-02T16:09:24Z,ETH,https://news.google.com/rss/search?q=bitcoin+OR+ethereum+OR+BNB+crypto&hl=en-GB&gl=GB&ceid=GB:en,"Top 3 Price Prediction: Bitcoin, Ethereum, Ripple – BTC, ETH and XRP enter the New Year with breakout hopes - FXStreet",https://news.google.com/rss/articles/CBMi8wFBVV95cUxOWE9GbFEtYkJzZko4TmZLc3Q0d3dKQWdSMVgtcGdZUVQ1Snl3ekIxWEVqQmVGUVhrVVlySUowYXlja3B3TzdFZHhVdzlzb1JvRU9HR1Q3R1BJdmFaZ0VaUU04RXRXYUNKUGVBV2dSOE5IQ1lYM01lTTFfQ2otV2ktdUxxcUtJVEg1SHFxb2lRVHJfbE1NeWRCZVhTTzNWRWJwbGlXSHdHUGxMb25uaUdJeWdveUE1X0ZkczJnLUViY203cE5rbVgxM3pKSGs1WHk1V3BLQjZ1cjNiSU1TY2x1Ny1QSDVCbG1JQ0tUbTdfcG9LTzjSAfgBQVVfeXFMT2xFdlFSb0F2NVhfei1SamNPYVV6RURLeEMyeWw3VVdaTlRQN2oyUlEwVjVnbkVOTGlPWUlRWUx2eFVmZ0lwV2JQcmNUb3pNZ2JNMlRRWVhfYXVad0xBNmZoWmx4dUsxcFBvbFR5WHFjcGhJbTR4RGxQaXBRaTVoVFZUQnhoN2xEX0FaWkZlQlVybmw2Z3NUN3c0Q0JYRUJNYTY2VlNSZTJCdXNBUWtNSXMwUFlneWJaejlPY2lJcmJzNW9nRkt1UmhvYnNkaHRUN2dhSHJiZWp4ZHdBbXNsRjNick5aQzNweVE3S1RZeW0taVpzU2RENXE?oc=5,0.5574
2026-01-02T16:09:24Z,BTC,https://news.google.com/rss/search?q=bitcoin+OR+ethereum+OR+BNB+crypto&hl=en-GB&gl=GB&ceid=GB:en,Does Ethereum Have More Upside Potential Than Bitcoin? - Investopedia,https://news.google.com/rss/articles/CBMiaEFVX3lxTFBNdUlFZVhmRWJVU3M2aElvYTlHMk9laGFQYWJpTTFkSlBBSld4NHJwQ2dITkNJNmdKSXZzbVdRMFdaMVkzNGdMdzB2S3d1bmo2OWpyY3FhWnEwZDZrdkVlRllZRHlmMWFj?oc=5,0.0
2026-01-02T16:09:24Z,ETH,https://news.google.com/rss/search?q=bitcoin+OR+ethereum+OR+BNB+crypto&hl=en-GB&gl=GB&ceid=GB:en,Does Ethereum Have More Upside Potential Than Bitcoin? - Investopedia,https://news.google.com/rss/articles/CBMiaEFVX3lxTFBNdUlFZVhmRWJVU3M2aElvYTlHMk9laGFQYWJpTTFkSlBBSld4NHJwQ2dITkNJNmdKSXZzbVdRMFdaMVkzNGdMdzB2S3d1bmo2OWpyY3FhWnEwZDZrdkVlRllZRHlmMWFj?oc=5,0.0
2026-01-02T16:09:24Z,BTC,https://news.google.com/rss/search?q=bitcoin+OR+ethereum+OR+BNB+crypto&hl=en-GB&gl=GB&ceid=GB:en,Bitcoin ETFs lose record $4.57 billion in two months - CoinDesk,https://news.google.com/rss/articles/CBMinwFBVV95cUxNaFpQdzJTbklkd3BHYnMyZm5zWVRFc3l4bnpiTTRLeGdsUDdUaVpyLVVLaEVxaG5oTWtFNVZpcTJZYWNaYk1USFN5MExaN2F2eUhwdV85eUUxTlBsOXM5NlA4THliRlF5bG5sdENDa09FZnp6U2tFbFlVeUdjQy1ta0NKVlViSlNfYldsUzdVX25iWi1xZllMYzhMbHBZcms?oc=5,-0.6597
2026-01-02T16:09:24Z,ETH,https://news.google.com/rss/search?q=bitcoin+OR+ethereum+OR+BNB+crypto&hl=en-GB&gl=GB&ceid=GB:en,"Ethereum daily transactions hit all-time high, surpassing 2021 NFT boom - The Block",https://news.google.com/rss/articles/CBMigwFBVV95cUxOTUFkOXFZTjBjVmZGRW5PcmdmZlY3Vy1MTjBTeUtSN3BHS0s0QzVzeXdyaDBKRjByaGdOcm0zR3ZDa0FtUG1GaE9DNVQ2T3pNdW5kMDhMYlJJS0FpR1BOMnF0MzYxdGZjV1hPV3pzQ2twc3dLenJ6a0RpVEd3QWNsaTVKVdIBiAFBVV95cUxNYXpVc2FRQlJMV283QkExTE1lS1VwMkVxRW91LTZGaERtOFhIMFhjb3duQms5ZGU4dnN0a0RDQ3h6ZkwtZFFJSmROWjJKT2dpOGR0UEVUcWZNZHVROHVjVXUzeFN3cV9tLXZBc0NiWk8tSDNTeUpnNTE3RDhDTWs1OERYNjgwVmJH?oc=5,-0.4404
2026-01-02T16:09:24Z,BTC,https://news.google.com/rss/search?q=bitcoin+OR+ethereum+OR+BNB+crypto&hl=en-GB&gl=GB&ceid=GB:en,"Comparing Bitcoin at 10, 15, and 17 Years - Blockchain Council",https://news.google.com/rss/articles/CBMibkFVX3lxTE8tV3lKb212TWJ2NVU3d3ZsaWFhQzVxR1V2dk9ObGpTRlNpRUZ0MU9fTzlGTHFRM1pMSGlpZlM3M2YtWW5RdVNyWTBOMmNKVDBNdTZNdVRFX1RMN2EwcEM0VG11am81Tmwxb3ptUkV3?oc=5,0.0
2026-01-02T16:09:24Z,ETH,https://news.google.com/rss/search?q=bitcoin+OR+ethereum+OR+BNB+crypto&hl=en-GB&gl=GB&ceid=GB:en,Ethereum's Stabilizing Price: A Catalyst for Crypto Banking in Asia? - OneSafe,https://news.google.com/rss/articles/CBMiggFBVV95cUxQbmZra2VneTJ5SFhoc0tBX2FWSDBsXzhhYjdtV3huaWx5dGlMVUtqdV9XLXBmTTh4akpwMGZMLVh4S2otQ3ptd0Y1RXNvOXpyWlpCTTF5c3RsUVh5QlRWVk11X2R5QVoyZjk4aE96ekV4WS1hUEFYc01LbHk5OFN3SU5B?oc=5,0.0
2026-01-02T16:09:24Z,BTC,https://news.google.com/rss/search?q=bitcoin+OR+ethereum+OR+BNB+crypto&hl=en-GB&gl=GB&ceid=GB:en,Bitcoin set for first yearly loss since 2022 as macro trends weigh on crypto - Reuters,https://news.google.com/rss/articles/CBMisAFBVV95cUxQWktPVV9ublRITlJ0QjJScFpobGdpRmhOX01nR3c0dDJRMk5UWVpaOXdSMHMyWmZFTTQ5NGZkUDY3UFNFLTg0WnFBejlmOFUwMDlnellUTTZURXEySzBiX0NPZ3VsbUNfRTNHRGN4THEzUUlDWDc4dXVwX3NhX3Rsem5VNGhpSW9UcWRPWFp3Q1FDc211UzJpQ0pZcVpXdTR5TXpWTDQ2eDlBbmpjQk9zdw?oc=5,-0.5574
2026-01-02T16:09:24Z,ETH,https://news.google.com/rss/search?q=bitcoin+OR+ethereum+OR+BNB+crypto&hl=en-GB&gl=GB&ceid=GB:en,Ethereum's Crypto Payroll Transformation for Asian SMEs - OneSafe,https://news.google.com/rss/articles/CBMie0FVX3lxTFBYTHRWYlJ6WHk3WGp2YUkwVGJ4WmQySzNaelRmTUJMcmEzLXd5SW05MVNvT2xiOHdDSkhBZXFSN3dWN2xSMm83NEpKX2dSdGd6M0lVNkJPQUNscWFRNFpWY2dMbkhudkc2d2RNSFVwM1NOb1l4VHFSMFpPSQ?oc=5,0.0
2026-01-02T16:09:24Z,ETH,https://news.google.com/rss/search?q=bitcoin+OR+ethereum+OR+BNB+crypto&hl=en-GB&gl=GB&ceid=GB:en,Vitalik Buterin maps Ethereum’s 2026 rebellion against centralised ‘overlords’ - dlnews.com,https://news.google.com/rss/articles/CBMitwFBVV95cUxPQ1l6Z3M1UURWaUJRdkx1Sk1pTWt1d3lRa2RLNmVQWl80LUpPenZ2STdjSkhuQm1JV19BN2dybUhKQzJMLXFjNGFnOXAxbnpIZFdlQWVPMDJRbXdMMnJGNktBSmR0T1czX1I1Y29BZmhsUTBRUTJSQUkwZ0NMc2FJeENLM1Z0dDhlUWlkbklsZjhtazM3VnM4WHBSYy1HZmpIV0c0NWZoZ2ttYVBqWEpYbUJnOGJhb2M?oc=5,-0.25
2026-01-02T16:09:24Z,ETH,https://news.google.com/rss/search?q=bitcoin+OR+ethereum+OR+BNB+crypto&hl=en-GB&gl=GB&ceid=GB:en,Ethereum Price Predictions for 2026: Institutional Adoption Meets Market Skepticism - CoinMarketCap,https://news.google.com/rss/articles/CBMingFBVV95cUxOSkNfVVhuUXNzNDBHZDU4a1FzSlVDdlBuVi1jNTJ4d3JCWWh1Vmd4NUJIUFc5TnVIMDlUU2NWd0MwbkpUQzNxYk1nZVBmTW9HTE91V3NEaE54Tl9tczdOSEZhNy00RkMwc0hlSFAxWmlKanlIT1loczl6WFVySUg5dlkza2tfdllHSE4wX2tTTmNYT1hOa1d4NXJVdnlMUQ?oc=5,-0.25
2026-01-02T16:09:24Z,BTC,https://news.google.com/rss/search?q=bitcoin+OR+ethereum+OR+BNB+crypto&hl=en-GB&gl=GB&ceid=GB:en,BlackRock moves over $120M in Bitcoin and Ethereum to Coinbase Prime - Crypto Briefing,https://news.google.com/rss/articles/CBMihAFBVV95cUxQNDZRaXVWNzA4MGNjSUJYb2doNjU4aEFRaGlxeXN0RVlSNDZuNENKUTg1M1VMaXBkei1XWVZpeUF3Q0NzM25LellfMGRMbHhsWUFaMlVLNXdLbWlPTkxSWXFBck1OODVMaXVLbHIxV0t2VGhfeGV1cXJGVEN6V0hOVFJjZDA?oc=5,0.0
2026-01-02T16:09:24Z,ETH,https://news.google.com/rss/search?q=bitcoin+OR+ethereum+OR+BNB+crypto&hl=en-GB&gl=GB&ceid=GB:en,BlackRock moves over $120M in Bitcoin and Ethereum to Coinbase Prime - Crypto Briefing,https://news.google.com/rss/articles/CBMihAFBVV95cUxQNDZRaXVWNzA4MGNjSUJYb2doNjU4aEFRaGlxeXN0RVlSNDZuNENKUTg1M1VMaXBkei1XWVZpeUF3Q0NzM25LellfMGRMbHhsWUFaMlVLNXdLbWlPTkxSWXFBck1OODVMaXVLbHIxV0t2VGhfeGV1cXJGVEN6V0hOVFJjZDA?oc=5,0.0
2026-01-02T16:09:24Z,ETH,https://news.google.com/rss/search?q=bitcoin+OR+ethereum+OR+BNB+crypto&hl=en-GB&gl=GB&ceid=GB:en,Why Tom Lee says Ethereum is heading into 2026 ‘supercycle’ despite price down - dlnews.com,https://news.google.com/rss/articles/CBMiuAFBVV95cUxOUF9iWktDREtmYW4xb3Y5NWNmNDFxdzZmYlNjOG92cWVCNXdpdVZndHVPVlRJUGM3QjJ1OW1xVHdRbnZERmpQT3JOS0tVamI2OExNd25IbWhIU0hNSWhlTm5Kbkx4NW1zSzUtVjRZT1p2ZVhyenNpbnFtcDAtRmNoSDRYZFdQbUpPR2lfc3VPLVBadUIyOTdGbl9WNm02czVfU2ZjVDRnTDJZSlN5Q1VSeUJBdlAtX1BT?oc=5,0.0
2026-01-02T16:09:24Z,BTC,https://news.google.com/rss/search?q=bitcoin+OR+ethereum+OR+BNB+crypto&hl=en-GB&gl=GB&ceid=GB:en,"Bitcoin Edges Toward $89,000 As Crypto Market Cap Reclaims $3 Trillion - Yellow.com",https://news.google.com/rss/articles/CBMipgFBVV95cUxNaVZhS0tBeFZnZGthY1FPenM1N0VNLS1RV2FaRWNEaTF0X1RyTXRuWHRxeDN4TldYUjUtQ2Q0U1c1eGh2dXptTFJpTTJ6OEVDRE03T3MtUUdZRlduTVVQaGVsZlRwZDFpSWNDLWw3bVEyTTl1c294Sm5NaDBYTGQ0UlNLSElaVXd3Qks5T2pzUUZ4WTZ1RmFmOXRkeHNucFhQWVhNY3lB?oc=5,0.0
2026-01-02T16:09:24Z,BTC,https://news.google.com/rss/search?q=bitcoin+OR+ethereum+OR+BNB+crypto&hl=en-GB&gl=GB&ceid=GB:en,"Metaplanet Resumes BTC Accumulation, Strategy and Tether Buy More, but Bitcoin Ended 2025 in Red: Weekly Crypto Recap - CryptoPotato",https://news.google.com/rss/articles/CBMi1wFBVV95cUxNYlBwNDZYRGxCY250X0ZDM3Q2S1RCcjBYQzRGTHpYTWRzazdlWGNmdGZWV1pPRFhiLUo1bENzU1ZIcXllYmxvbV9pckhLUUI3Z0NRVDJXRnlTZTlOaXMyNmV2czZMM2xtSnRhVG1HbndwOUVKYmZtU0dPY3ViVTQ1a3NuUzlXUmozclJWUnFIQUZzVGFuMHVaU1dUYVJvYklLdVd5eVZpT0sxNlQ4eWh5QTRjd3lfNzRVQjA0VDNZSnNnd2t6S2U3SnJfVmRPUXFqM1dKNGdadw?oc=5,0.0
2026-01-02T16:09:24Z,ETH,https://news.google.com/rss/search?q=bitcoin+OR+ethereum+OR+BNB+crypto&hl=en-GB&gl=GB&ceid=GB:en,"Metaplanet Resumes BTC Accumulation, Strategy and Tether Buy More, but Bitcoin Ended 2025 in Red: Weekly Crypto Recap - CryptoPotato",https://news.google.com/rss/articles/CBMi1wFBVV95cUxNYlBwNDZYRGxCY250X0ZDM3Q2S1RCcjBYQzRGTHpYTWRzazdlWGNmdGZWV1pPRFhiLUo1bENzU1ZIcXllYmxvbV9pckhLUUI3Z0NRVDJXRnlTZTlOaXMyNmV2czZMM2xtSnRhVG1HbndwOUVKYmZtU0dPY3ViVTQ1a3NuUzlXUmozclJWUnFIQUZzVGFuMHVaU1dUYVJvYklLdVd5eVZpT0sxNlQ4eWh5QTRjd3lfNzRVQjA0VDNZSnNnd2t6S2U3SnJfVmRPUXFqM1dKNGdadw?oc=5,0.0
2026-01-02T16:09:24Z,BTC,https://news.google.com/rss/search?q=bitcoin+OR+ethereum+OR+BNB+crypto&hl=en-GB&gl=GB&ceid=GB:en,"Bitcoin, Ethereum, Other Cryptos Rise. A Strong Start to 2026 May Not Last. - Barron's",https://news.google.com/rss/articles/CBMijwNBVV95cUxNbFpSYmVZU19sZ3RMeHVaY1R1OFNLMXV6WU9ENS0xalBUd0lJRnZZWGpKLTZtN2RyOTBodmJlVThQeWNWNm1RZ0c2LUxsMWdfc2x1RlI0RHllcFRsa1N2Zmd0bEZGQ18yNWhMNnFEZEpaaFNvRXV1STNPZC1lN19sZERmMnYtelBRMGl6aU5aalNUc3NxUUVIRXJCaWRteERJYTN1ZTJpZE5YdGZSNTF2S3dTaUN4NUhWcGljaFhMcUtOQnNzbWVVSEJySkpnOGN4aENXUnMzbFRYWmZxMXl5cEF6X2djSTEyQWxuN0pFZ3hXNUt1OW9FeENSTlBHMmlvaC1zc0JFQmtoSDNhejlwdDloSF94SGJYa08xT2JWRUhoWnJXbmp0Yk5Wb3VoZER5RmlUTGtpaTgzRmZ3WVlkakZxM3g2c0s0eTl1d1dFd1ZfTGx0cWc0aW5JNURsQWxadzlSQ1kyMi1xVE1EYUY0UklyMjZzVW5jQlhoVG4tdXJpOU0tUW1pa0FYMC1wakU?oc=5,0.765
2026-01-02T16:09:24Z,ETH,https://news.google.com/rss/search?q=bitcoin+OR+ethereum+OR+BNB+crypto&hl=en-GB&gl=GB&ceid=GB:en,"Bitcoin, Ethereum, Other Cryptos Rise. A Strong Start to 2026 May Not Last. - Barron's",https://news.google.com/rss/articles/CBMijwNBVV95cUxNbFpSYmVZU19sZ3RMeHVaY1R1OFNLMXV6WU9ENS0xalBUd0lJRnZZWGpKLTZtN2RyOTBodmJlVThQeWNWNm1RZ0c2LUxsMWdfc2x1RlI0RHllcFRsa1N2Zmd0bEZGQ18yNWhMNnFEZEpaaFNvRXV1STNPZC1lN19sZERmMnYtelBRMGl6aU5aalNUc3NxUUVIRXJCaWRteERJYTN1ZTJpZE5YdGZSNTF2S3dTaUN4NUhWcGljaFhMcUtOQnNzbWVVSEJySkpnOGN4aENXUnMzbFRYWmZxMXl5cEF6X2djSTEyQWxuN0pFZ3hXNUt1OW9FeENSTlBHMmlvaC1zc0JFQmtoSDNhejlwdDloSF94SGJYa08xT2JWRUhoWnJXbmp0Yk5Wb3VoZER5RmlUTGtpaTgzRmZ3WVlkakZxM3g2c0s0eTl1d1dFd1ZfTGx0cWc0aW5JNURsQWxadzlSQ1kyMi1xVE1EYUY0UklyMjZzVW5jQlhoVG4tdXJpOU0tUW1pa0FYMC1wakU?oc=5,0.765
2026-01-02T16:09:24Z,BTC,https://news.google.com/rss/search?q=bitcoin+OR+ethereum+OR+BNB+crypto&hl=en-GB&gl=GB&ceid=GB:en,"Crypto Market News Today, January 2: Bitcoin Price Closing $90K, Ethereum Blasts $3K as On-Chain Activity Hits Highs - 99Bitcoins",https://news.google.com/rss/articles/CBMi4wFBVV95cUxQeklqUEZBNDRyUkpuM1JrYVpMRHM1QXoxQkY3UTd5dGpBM1NwaFFBTnd1WnlmejRocXJRX1h2Z3NSQWFoRjdMdjRBMS15VlJCczZPdFpNSXRhRWt1R1BYWmtzUmF4Wlp0dE4tQTVEWWtTempETVBTRlFiN0RNNFBMNGlLbkljVlR2MmhHbjIwS2pBdkZQdVVER0NIWHk4MWx6M3I4aXpEaE1PSTF3R1ZPLWQwTE1jdy1va3R2Q2k0VEpmQ09yanZocHVfMFJiT0hrRXRvMzY3S0N6Qmt5a2tlZkJTYw?oc=5,0.0
2026-01-02T16:09:24Z,ETH,https://news.google.com/rss/search?q=bitcoin+OR+ethereum+OR+BNB+crypto&hl=en-GB&gl=GB&ceid=GB:en,"Crypto Market News Today, January 2: Bitcoin Price Closing $90K, Ethereum Blasts $3K as On-Chain Activity Hits Highs - 99Bitcoins",https://news.google.com/rss/articles/CBMi4wFBVV95cUxQeklqUEZBNDRyUkpuM1JrYVpMRHM1QXoxQkY3UTd5dGpBM1NwaFFBTnd1WnlmejRocXJRX1h2Z3NSQWFoRjdMdjRBMS15VlJCczZPdFpNSXRhRWt1R1BYWmtzUmF4Wlp0dE4tQTVEWWtTempETVBTRlFiN0RNNFBMNGlLbkljVlR2MmhHbjIwS2pBdkZQdVVER0NIWHk4MWx6M3I4aXpEaE1PSTF3R1ZPLWQwTE1jdy1va3R2Q2k0VEpmQ09yanZocHVfMFJiT0hrRXRvMzY3S0N6Qmt5a2tlZkJTYw?oc=5,0.0
2026-01-02T16:09:24Z,BTC,https://news.google.com/rss/search?q=bitcoin+OR+ethereum+OR+BNB+crypto&hl=en-GB&gl=GB&ceid=GB:en,"Tether adds nearly $800 million in bitcoin, bringing holdings above 96,000 BTC - InteractiveCrypto",https://news.google.com/rss/articles/CBMiwAFBVV95cUxNbmMzb3FXZDlheVlvWFRBQlV0a09mSEZfMDhxVGFGVU8xenRxV05KQjRSSUQ4NXlHOWNRYjd3UEhCZ2pBRkpiWlhGVGVibGNBbEhvczBPSEFrU3Y2RGJLZURPWDNaV0lBbE1tbHFCMUZSdzZDVFR3cnJVUkZkM19kQjNIcHNjTjBxdlJEWXlxYUU2VmlERDFQOHYtYXZHb21mSjFJaDItM1E5R1A4eXdJZFN0d0E1Qm9xdWlZcktXOHk?oc=5,0.0
2026-01-02T16:09:24Z,ETH,https://news.google.com/rss/search?q=bitcoin+OR+ethereum+OR+BNB+crypto&hl=en-GB&gl=GB&ceid=GB:en,"Tether adds nearly $800 million in bitcoin, bringing holdings above 96,000 BTC - InteractiveCrypto",https://news.google.com/rss/articles/CBMiwAFBVV95cUxNbmMzb3FXZDlheVlvWFRBQlV0a09mSEZfMDhxVGFGVU8xenRxV05KQjRSSUQ4NXlHOWNRYjd3UEhCZ2pBRkpiWlhGVGVibGNBbEhvczBPSEFrU3Y2RGJLZURPWDNaV0lBbE1tbHFCMUZSdzZDVFR3cnJVUkZkM19kQjNIcHNjTjBxdlJEWXlxYUU2VmlERDFQOHYtYXZHb21mSjFJaDItM1E5R1A4eXdJZFN0d0E1Qm9xdWlZcktXOHk?oc=5,0.0
2026-01-02T16:09:24Z,BTC,https://news.google.com/rss/search?q=bitcoin+OR+ethereum+OR+BNB+crypto&hl=en-GB&gl=GB&ceid=GB:en,Bitcoin ETFs lose record $4.57 billion in two months - InteractiveCrypto,https://news.google.com/rss/articles/CBMinwFBVV95cUxPSGh3d2dmQUxBLTV5NDk2d1hzVVpoU01BRDNfRVBuelh1YldXOHBULUE2TzhSRE5Cbl9GRlBEVWlNc1BZdndJc2pRc0Z0aWJuNEZhQ3RNWVc2Tlg4ZjJVUFpfamZIZWZaSUVIWGFYUTVfajZpc0x6UmtYaU5RUE5rb0hvLXN1bXpxTmN1cHlheUFkM2pUUUN4ZDYxbTNidzQ?oc=5,-0.6597
2026-01-02T16:09:24Z,BTC,https://news.google.com/rss/search?q=bitcoin+OR+ethereum+OR+BNB+crypto&hl=en-GB&gl=GB&ceid=GB:en,"Bitcoin Will Follow Gold’s Mega Gains, Says Under-Fire Tom Lee, as BTC Leaves ‘Extreme Fear’ - CCN.com",https://news.google.com/rss/articles/CBMiiwFBVV95cUxNMlVfNmZIQ2hWVHplblhsWXhGRjRFZFRUMmtvZGdBSzY0MmNwQ21FckM3Zk16d2FWR1lxbC1GdmU4Q0lhOU80akh2OUZ5NUJSSTZHQzVIdHl2VEF5TkFRcHR5NklLcGNsUndUX0o3N0M2NU01Y2tWSXNGS3J5VURXSUVUWHJJZnJjMGE4?oc=5,0.5859
2026-01-02T16:09:24Z,BTC,https://news.google.com/rss/search?q=bitcoin+OR+ethereum+OR+BNB+crypto&hl=en-GB&gl=GB&ceid=GB:en,"Bitcoin Price Will Surge To $276,000 in February, Claims World’s Smartest Man — Is It Likely? - Yahoo Finance",https://news.google.com/rss/articles/CBMifkFVX3lxTE9hRmR1eUYzYlNSNVptT2ZZczlTM1gwZHA0WEZ6Rm5fcmo5VDUwY1FNS3NzaXppQWlqb3FLakRMSWNEckhKdW45c2NMN1pGWnBMM1RWcGVxd2VzUFVGQkJOT1M2RHkyX045UGNZTk5zZXJDOFlBZDZvUnJXMFExZw?oc=5,0.8604
2026-01-02T16:09:24Z,BTC,https://news.google.com/rss/search?q=bitcoin+OR+ethereum+OR+BNB+crypto&hl=en-GB&gl=GB&ceid=GB:en,Bitcoin Price Stagnation: The Impact of Global Liquidity Trends and External Market Forces - OneSafe,https://news.google.com/rss/articles/CBMihgFBVV95cUxOWktkQmtZR0FYM0F0UDdJYnVIUVV4LVFjemdOS3VkMXh5NzVNQWh0UE4yVzRtRUVoOE9OVy1LRlZsOEx6OU1YaHhkZHF1bUtUN25NeGRXNGxZY3pDRldfbE1NOTljQW5HdVlzak9WVkRuZlRhclRITk0yRFJOMVk0by1oRXJ2Zw?oc=5,0.0
2026-01-02T16:09:24Z,BTC,https://news.google.com/rss/search?q=bitcoin+OR+ethereum+OR+BNB+crypto&hl=en-GB&gl=GB&ceid=GB:en,"Bitcoin Faces a New ‘Crypto Winter’ in 2026. XRP, Others Could Fall, Too. - Barron's",https://news.google.com/rss/articles/CBMiiwNBVV95cUxPNEpaZWltMl8zNzVmbGhyWWlxWWhqbTJaeHNQZFFCTzhybm0yRUhlc0JCYlRLUEhUSlhBUGptS0FMSjRUVVNGVHFuclpXalNaNUtCaDF4bWJlZXpoeWJ0QUxnelBaMlB6QUFwYWNGRGtXajg4NXhwNEdNQ1dCY3FLOTJuUFlzLTlrbl8zWmRlU01qbDF3bHk4bGtYLW95bHRqWWVkeGc0c29oNnZabzdrejVrOVZveWlaSVlWQWItQXlxbFViNGU3clNmUkRCcDRKZEpaUjFzMkFvRlA4RVFrU1Z4aEhka1hDT2FMRjcyVmYtMmNmUUNYbG9rVkNrenNIUmo2UURJRm5xd3hsNGwybDNQYkZkNlNpQXN1QmlGeFJkZUxCYWVQN0VwWUFYT3NQN0Y5TTl6WTdLUjRUVWp1TEN3QWRIVUp1S0RyWEtPVXdFUWY1QXRtNVNhZUo4SW1wNFZ2N3c0ZEYtbDdVWWEwT29ycGtabVdtc0Nsb29TLTFhLVFyVElyM3lsMA?oc=5,0.0
2026-01-02T16:09:24Z,BTC,https://news.google.com/rss/search?q=bitcoin+OR+ethereum+OR+BNB+crypto&hl=en-GB&gl=GB&ceid=GB:en,"Bitcoin ETFs failed a critical holiday stress test as $1.29 billion vanished through ""tactical"" positioning - CryptoSlate",https://news.google.com/rss/articles/CBMitwFBVV95cUxOSDJnd1N3ZVk1RU5GTUVrNGR0akVDSzMwU2FZZU01MEJXN21uYnU2ZWRfak5fa1VkR0F0SGE5X3hOa1FQMXpfV2R0anQxZ3o2V3VVWGoyZVNNV0JNSTZtUnZxMW9hU1BSNkswME5YSnM5UV8xamZVdlRSVzlwaTduazcwbGZmeXFucmViV0NLNDZqMWdDWEc0dnVnc3M0cU5BaHM4d3ZVSDBXd3hwRFpGdkYteXBhSTg?oc=5,-0.886
2026-01-02T16:09:24Z,BTC,https://news.google.com/rss/search?q=bitcoin+OR+ethereum+OR+BNB+crypto&hl=en-GB&gl=GB&ceid=GB:en,"Crypto Market Today: Bitcoin at $89K, Altcoin Index at 21, as Fear Index Holds at 34 - Blockonomi",https://news.google.com/rss/articles/CBMipwFBVV95cUxNcUM3MG1qcWZzaUhFeVlhdVUzbHpXTU5hU3hrOFhHeDQ5cmN3bkdrdzY1WmdjVDNxV1pBSmpWVkV6YmtCOThIeEJsQzRKa0RIX21kY3JOQWs2TXNwRE1VdWlYQlk1R2IteWYzS0hodU5GR1I3ampwbG02dFpwVlB4REsyelNtc1d3OGVnZUFPRVBlYlpoUWlTSHRtN3lyelN3WHJWWFVlZw?oc=5,-0.7506
2026-01-02T16:09:24Z,BTC,https://news.google.com/rss/search?q=bitcoin+OR+ethereum+OR+BNB+crypto&hl=en-GB&gl=GB&ceid=GB:en,"Bitcoin, Ethereum set for 20% flat tax under Japan’s 2026 crypto overhaul - crypto.news",https://news.google.com/rss/articles/CBMilgFBVV95cUxPM0JHUWhqTDZuVm9FcnI0a2N0cGpPMzg3Qms5eWpFTVg1LW1BVFNvLVNEaGpGTGFVbzJhQ19LZW53UHcwVGdNSjl4OFhjRkp6U0tCRWozVzA5d1VldTFDUGVnQ19aU2F1eGt2UzhfZWczTVR2X0ZGc2laSlhVWTM2RmxzM0xkeE5jMHQ2U2hLYjJaaE4tRmc?oc=5,0.0
2026-01-02T16:09:24Z,ETH,https://news.google.com/rss/search?q=bitcoin+OR+ethereum+OR+BNB+crypto&hl=en-GB&gl=GB&ceid=GB:en,"Bitcoin, Ethereum set for 20% flat tax under Japan’s 2026 crypto overhaul - crypto.news",https://news.google.com/rss/articles/CBMilgFBVV95cUxPM0JHUWhqTDZuVm9FcnI0a2N0cGpPMzg3Qms5eWpFTVg1LW1BVFNvLVNEaGpGTGFVbzJhQ19LZW53UHcwVGdNSjl4OFhjRkp6U0tCRWozVzA5d1VldTFDUGVnQ19aU2F1eGt2UzhfZWczTVR2X0ZGc2laSlhVWTM2RmxzM0xkeE5jMHQ2U2hLYjJaaE4tRmc?oc=5,0.0
2026-01-02T16:09:24Z,BTC,https://news.google.com/rss/search?q=bitcoin+OR+ethereum+OR+BNB+crypto&hl=en-GB&gl=GB&ceid=GB:en,Bitcoin’s rebound wipes out over $170M in short positions - TradingView — Track All Markets,https://news.google.com/rss/articles/CBMivgFBVV95cUxQRVBQaGYzZHZwSG5MV1JBQTJiaEZsdmQ3N2lkSERITTFHR1FlampCYVpiSVpkb2ZpUEhSMW81SWdCb1VPUjZsY3ZQemV3VWNhNENMcldjSlljaHFYQ01jVFJmS3V1dUZaMC0tZjY5VlNHOUZJTXc0d0tFWjFWaVpONF9RMnRPTU1XMm9FVzBmWVRnUlk4TDRzd1NFQ3VtTUtENzRLTlk0Y3FtRndnMGItRjVEeTBrSTRtOFhlbTNB?oc=5,0.0
2026-01-02T16:09:24Z,BTC,https://news.google.com/rss/search?q=bitcoin+OR+ethereum+OR+BNB+crypto&hl=en-GB&gl=GB&ceid=GB:en,Bitcoin ETF Outflows Hit Record $4.57 Billion in Just Two Months - Techloy,https://news.google.com/rss/articles/CBMikgFBVV95cUxObm1ucEhGX2JhU0wxZTBXNFFkVXVHa2dQS0Z0eUFPaFBlbDhIWTMzUzdkTlh3a3V0dnlrd0ZIaVA2M2VXby1jNXRWU0NUamRsNll2VERGQXFmU2RtZVNjN2NOWEZQN1BETFpBY0Jidi15bXVseGFqSmFGd3JIRTJnNHNqZ1lWQThoRFk5bzNNX1FIQQ?oc=5,0.0
2026-01-02T16:09:24Z,BTC,https://news.google.com/rss/search?q=bitcoin+OR+ethereum+OR+BNB+crypto&hl=en-GB&gl=GB&ceid=GB:en,"Cryptocurrencies Price Prediction: Bitcoin, Solana & Cardano – European Wrap 2 January - FXStreet",https://news.google.com/rss/articles/CBMi1wFBVV95cUxOVFFQcnlOd2tUZDZ0Sl9EY01aVy1FSVNTRF9qQXlWUlEwUjRBWHNrZVhnaTZiekZMWVhXcmRRbTdONzVuVVJ6aTVhdVJXYzBnR1lJdXI4QVlXbzZQd243Y3h6a2pVU0VyeW5pY0JlTlhpc0h4ZHFBcVFMRGRlYWNZcG5WZTdUZEFOQmo0dDRoaGlxMkFPNkhidjNGSWlUUnJua21tT1Y0ai00aWJRWnhUajNyYkhJWXBaTTU4bmVIUG1VcTB2OHB3OEpLTnNVMFVKcE9paEd4Z9IB3AFBVV95cUxNQ1RYY3BhbTJ6MGpwQUtMckNUWWZlUEh2TzdCZjNIY2dIOFN3cHBnbVdPb1doOVZwcVFlS1RZZTBxZWg2b3JZdTRhQlNQajBFOEJocVBBTnFJdmcwZ1VmTVBXTHdMSU5TYXFDZXJnbG9BQ1hqc1JrUDliSnVUWnctQ29lVEpsb0NQRDNNMzJlXzZ5djZKMy13UTQ4LWM4SUxrdk1mR1Q4aXNSSnJ6UkZJUUNBX2psakdiOUhBYmVhVXFxVzR1czNKR2FjN3hJX01fUExiSWJBNkhvaUZV?oc=5,0.0
2026-01-02T16:09:24Z,BNB,https://news.google.com/rss/search?q=bitcoin+OR+ethereum+OR+BNB+crypto&hl=en-GB&gl=GB&ceid=GB:en,"Cryptocurrencies Price Prediction: Bitcoin, Solana & Cardano – European Wrap 2 January - FXStreet",https://news.google.com/rss/articles/CBMi1wFBVV95cUxOVFFQcnlOd2tUZDZ0Sl9EY01aVy1FSVNTRF9qQXlWUlEwUjRBWHNrZVhnaTZiekZMWVhXcmRRbTdONzVuVVJ6aTVhdVJXYzBnR1lJdXI4QVlXbzZQd243Y3h6a2pVU0VyeW5pY0JlTlhpc0h4ZHFBcVFMRGRlYWNZcG5WZTdUZEFOQmo0dDRoaGlxMkFPNkhidjNGSWlUUnJua21tT1Y0ai00aWJRWnhUajNyYkhJWXBaTTU4bmVIUG1VcTB2OHB3OEpLTnNVMFVKcE9paEd4Z9IB3AFBVV95cUxNQ1RYY3BhbTJ6MGpwQUtMckNUWWZlUEh2TzdCZjNIY2dIOFN3cHBnbVdPb1doOVZwcVFlS1RZZTBxZWg2b3JZdTRhQlNQajBFOEJocVBBTnFJdmcwZ1VmTVBXTHdMSU5TYXFDZXJnbG9BQ1hqc1JrUDliSnVUWnctQ29lVEpsb0NQRDNNMzJlXzZ5djZKMy13UTQ4LWM4SUxrdk1mR1Q4aXNSSnJ6UkZJUUNBX2psakdiOUhBYmVhVXFxVzR1czNKR2FjN3hJX01fUExiSWJBNkhvaUZV?oc=5,0.0
2026-01-02T16:09:24Z,BTC,https://news.google.com/rss/search?q=bitcoin+OR+ethereum+OR+BNB+crypto&hl=en-GB&gl=GB&ceid=GB:en,"Cryptocurrencies price prediction: Bitcoin, BONK & Solana – American Wrap 02 January - FXStreet",https://news.google.com/rss/articles/CBMi1AFBVV95cUxNWUpOU0VtVHVOaVpPdldxSjZZVURWZVEwWDZ6WW5Rd0xmYzYwWUxrYkxmdk1pb3NaTTlJQ24ySk5RWFgtcUFsc0JJZ2xaNjh4N08wLUs0ai03YmZuVVllYTZKa09PcUJvblRlOGY3cjY5NmJiQkJPQnpvTUZGSHljcVhBclhnNWEyeDJMWlJUMEdWdFlaMkx6T3MzSFpHZWR1ZWNEZkFjVTU2aE1vM19BMGlEQ1ZfbFNrMWpCLWNiNmg2VFBnNk9SY3gzS2EtNnlNWnpsTNIB2gFBVV95cUxOZE1BSGg3Qkt6U2pHWVFma0g4ZnJhMGtHYUdJcThIajkxOWdlOEppR21FZlVNRC15UnFtaG9rN1NneHlnNDNiWjBUZy1xc1lOYm84R0FtTVdiN3lsTXNSNTI2V3JDVUQ1ZWdXeDkyampHWkZOUGlwRkFraFk5T3ZnV04tOEFFa29pRWI2SFgwakJEZ0hzT3ZvZDliX0NPbm8zU1pmSEpDUFJsX2hqM0tiWGdTT1RaaW1hYUtJQXNoTEozY3VkOUxMX09TWWFYLWJoaGZuMHdybG4wQQ?oc=5,0.0
2026-01-02T16:09:24Z,BTC,https://news.google.com/rss/search?q=bitcoin+OR+ethereum+OR+BNB+crypto&hl=en-GB&gl=GB&ceid=GB:en,"Why bitcoin is ending 2025 with losses, and whether it can rebound in the new year - CNBC",https://news.google.com/rss/articles/CBMilwFBVV95cUxNaXlHYnIwbXZQNkg2UmwyWlN3czJQT0NVTGJTS3h3Vl9xakN6Tm94UmZ5NW9ITGNTcGd6SmItUWhuOUdoUzV4eXY5eVJfeVBObzdFQWNNVnRNU3U1M2xOWjdOM1ZyWVdfWVphQVdiXzlkdGVsUzJTWjRpcUFPakpXc0tLWFJJNXRVSzI3T0xxZHkzdzVUSEhV?oc=5,-0.6597
2026-01-02T16:09:24Z,ETH,https://news.google.com/rss/search?q=bitcoin+OR+ethereum+OR+BNB+crypto&hl=en-GB&gl=GB&ceid=GB:en,"Why bitcoin is ending 2025 with losses, and whether it can rebound in the new year - CNBC",https://news.google.com/rss/articles/CBMilwFBVV95cUxNaXlHYnIwbXZQNkg2UmwyWlN3czJQT0NVTGJTS3h3Vl9xakN6Tm94UmZ5NW9ITGNTcGd6SmItUWhuOUdoUzV4eXY5eVJfeVBObzdFQWNNVnRNU3U1M2xOWjdOM1ZyWVdfWVphQVdiXzlkdGVsUzJTWjRpcUFPakpXc0tLWFJJNXRVSzI3T0xxZHkzdzVUSEhV?oc=5,-0.6597
2026-01-02T16:09:24Z,ETH,https://news.google.com/rss/search?q=bitcoin+OR+ethereum+OR+BNB+crypto&hl=en-GB&gl=GB&ceid=GB:en,Vitalik Buterin on the two goals Ethereum must meet to become the ‘world computer’ - InteractiveCrypto,https://news.google.com/rss/articles/CBMixwFBVV95cUxOdjZLRkExS2tVdi00MEtEVTNubWw0SU9HQ2s0Z0M5QkdpV3RSSHZwdEYtRzBDQ3pqdFVpV1ZqVTFybEhpcGg3Uy15dHVxalhhMTdjX3RfMlhmUTJwWGw3blFDVnpxUHFZajBNNS0wRnJrcXJQcVhfNVNBZXFyM1kyTXVKcTFJM2REcEoxbUdJMmoxbFozRzYtbG1XSkItb1lSNXNZVFNvOGtEdHhIbXdsRXVOVWlMdEVrSFhoZEhkX0xDV0kzQzlZ?oc=5,0.0
2026-01-02T16:09:24Z,BNB,https://news.google.com/rss/search?q=bitcoin+OR+ethereum+OR+BNB+crypto&hl=en-GB&gl=GB&ceid=GB:en,BNB Chain’s 2025 upgrades slash fees 98% as daily users hit 4.8m - crypto.news,https://news.google.com/rss/articles/CBMiiwFBVV95cUxOeXpnNFlsNUZnMWVvN3dpSWlXZG1JeFVMV0xCMWxxYW8xRkM5S0o1akpHc0taZFk2d0J0cUxHSk56MUYzYl9PTHdZcXVQdmxIOHJCYld5MGpwVDRsVGM2TURIOTA1Ujc0RWF0SDRjeU8zc3F0MkY0dGxRaldjUFBzTm9vT2Z0azM3Y0Nr?oc=5,-0.4939
2026-01-02T16:09:24Z,BTC,https://news.google.com/rss/search?q=bitcoin+OR+ethereum+OR+BNB+crypto&hl=en-GB&gl=GB&ceid=GB:en,Whale withdraws 800 Bitcoin from Bitfinex in 24 hours - Crypto Briefing,https://news.google.com/rss/articles/CBMidEFVX3lxTE01R21iSHAyRGRRUE9oSERaTlRxUUY0TFhVR01Md3dNUnB3UWxqb1JWN2kzd3BMYWM4dmdtcG9SWjFaTFp3UG1LNEFvNVlqRlNkSk9TUUlnSkhhVzN3X3ZrX3IzWFhKZXVIeEMxbDRHelpuZm1P?oc=5,0.0
2026-01-02T16:09:24Z,BTC,https://news.google.com/rss/search?q=bitcoin+OR+ethereum+OR+BNB+crypto&hl=en-GB&gl=GB&ceid=GB:en,"Bitcoin Price Crash To $25,000: Why The Bottom Is Much Lower - TradingView — Track All Markets",https://news.google.com/rss/articles/CBMitwFBVV95cUxOQ214dE0xVzdUV1VwcS1xblN6Q0NRNHNLYWJpa0w3LWdKZ25yZnpEaG1BcVR5YTNkQTVtNGY3NHlvcV90dU0tTURScGhPbTIzNklYZThrbUg2NGg4V3ZQTXA5V3dmSzdpaE41blc1TkowcFlvV3YxeFQ1dHNIRDRwMlhLTjdhajhfT0Z5akdaUF9ZMDhaTGt1Z2t2WUF1c1g3TFQ3bktHRWpQbGZERWFnVU9OV2E2MWM?oc=5,-0.765
2026-01-02T16:09:24Z,BTC,https://news.google.com/rss/search?q=bitcoin+OR+ethereum+OR+BNB+crypto&hl=en-GB&gl=GB&ceid=GB:en,Bitcoin’s price to $100K again in January? Here are the odds… - AMBCrypto,https://news.google.com/rss/articles/CBMihwFBVV95cUxNNFZhSUpKTEtNd2M5TlAyYWtxUExtTklqT1RELWgyWDM4a05tazJsdFpkanBBb0ZvRXBQM1kzaVFYSUtwSlpEUHNqdFB6VlBmU0FBQk1iTkRZbGJBS3o4ek5rRU41YTZwdmlieEE1ZWNWVUJ3VS1NUl9XNklsSFpheU5Bd3htSFnSAYwBQVVfeXFMUEhoZFA2c3hxZ0RNRVRyOW1BV1pCRlYyMTlQS2o3VG80S01HRVNkMTVJeEZRcW1qalh2X3pyWlNHRXB0SnZKNDdpZEZQR3dHT3M0MmVoWE9janFUTC14SVZYMG1OTHVyRHAzYnh3c3A5ckRiYU5RLTNzdTU3ZkpIcXNXdEpqaVlPWVJMUUw?oc=5,0.0
2026-01-02T16:09:24Z,BTC,https://news.google.com/rss/search?q=bitcoin+OR+ethereum+OR+BNB+crypto&hl=en-GB&gl=GB&ceid=GB:en,The Swiss city that lets you pay for most things with bitcoin - BBC,https://news.google.com/rss/articles/CBMiXEFVX3lxTFBzckQxSkFTM29MallWMnMtSmxDRjk0QV9XSmpVc01TQXFlNURPLXVoQThoa21xZU5MNTA2M2JKbWNzM1NEdkhMbWZZSTk2NENCWWFXbjZUYjZ4dEkt0gFiQVVfeXFMTmtPTnBuTkJOcldVM1NuTkVYb05IRGtleS1nc05xcWZVZnBHVzlNbTl4UDNxYXBWQ3NvTFBRY1Q4VHAyemVZck1HdDNQVlk3NThoczVBN1BzVG1sUU11TktOYlE?oc=5,-0.2023
2026-01-02T16:09:24Z,ETH,https://news.google.com/rss/search?q=bitcoin+OR+ethereum+OR+BNB+crypto&hl=en-GB&gl=GB&ceid=GB:en,"Popular Crypto Founder Dumps Millions In Ethereum, Here’s What He’s Buying - TradingView — Track All Markets",https://news.google.com/rss/articles/CBMiywFBVV95cUxPZEdkV084bU9IZGc4QVFZbUZVUzNYUUdfdzFOYUZtMDhjWWVmU2RtSEEtTlBQMmwtbGR2dDJNTmxyX2laWTJydnNubEdIczVrM0dYNEVkTWF5OWxlQkRteVVZQjFhWG1HMUwydWJBUEprd3VfY3NGaDRsRGF1bm1FYU13YTE1ak5XaXhvQ3FwVFRFamJHeEpkdmJFTi1FOHNiYmNVdDhfOS1vWHd5dFZCNnZWQV9NazdyT0dMNkpxMDIxaG1xMkxOalpzRQ?oc=5,-0.3818
